{
  "experiment_config": {
    "train_dataset_path": "/Users/yuvalheffetz/ds-agent-projects/session_8f5d6987-98d5-4c7f-84cd-6fe7a7f21976/data/train_set.csv",
    "test_dataset_path": "/Users/yuvalheffetz/ds-agent-projects/session_8f5d6987-98d5-4c7f-84cd-6fe7a7f21976/data/test_set.csv",
    "seed": 42,
    "model_type": "ExtraTreesClassifier",
    "model_params": {
      "n_estimators": 100,
      "random_state": 42
    }
  },
  "cross_validation": {
    "cv_scores": [
      1.0,
      1.0,
      1.0,
      1.0,
      1.0
    ],
    "cv_mean": 1.0,
    "cv_std": 0.0,
    "cv_method": "StratifiedKFold",
    "n_splits": 5
  },
  "test_evaluation": {
    "primary_metric": "macro_auc",
    "macro_auc": 1.0,
    "accuracy": 0.9666666666666667,
    "precision_macro": 0.9696969696969697,
    "recall_macro": 0.9666666666666667,
    "f1_macro": 0.9665831244778612,
    "precision_per_class": [
      1.0,
      1.0,
      0.9090909090909091
    ],
    "recall_per_class": [
      1.0,
      0.9,
      1.0
    ],
    "f1_per_class": [
      1.0,
      0.9473684210526315,
      0.9523809523809523
    ],
    "confusion_matrix": [
      [
        10,
        0,
        0
      ],
      [
        0,
        9,
        1
      ],
      [
        0,
        0,
        10
      ]
    ],
    "classification_report": {
      "Iris-setosa": {
        "precision": 1.0,
        "recall": 1.0,
        "f1-score": 1.0,
        "support": 10.0
      },
      "Iris-versicolor": {
        "precision": 1.0,
        "recall": 0.9,
        "f1-score": 0.9473684210526315,
        "support": 10.0
      },
      "Iris-virginica": {
        "precision": 0.9090909090909091,
        "recall": 1.0,
        "f1-score": 0.9523809523809523,
        "support": 10.0
      },
      "accuracy": 0.9666666666666667,
      "macro avg": {
        "precision": 0.9696969696969697,
        "recall": 0.9666666666666667,
        "f1-score": 0.9665831244778612,
        "support": 30.0
      },
      "weighted avg": {
        "precision": 0.9696969696969696,
        "recall": 0.9666666666666667,
        "f1-score": 0.9665831244778613,
        "support": 30.0
      }
    },
    "feature_importance": [
      0.056836859569074735,
      0.023812946869889887,
      0.22697301658420752,
      0.18930403849685074,
      0.16701666215363992,
      0.195542137384327,
      0.06012936813976031,
      0.08038497080225003
    ],
    "class_labels": [
      "Iris-setosa",
      "Iris-versicolor",
      "Iris-virginica"
    ]
  },
  "pipeline_info": {
    "feature_columns": [
      "SepalLengthCm",
      "SepalWidthCm",
      "PetalLengthCm",
      "PetalWidthCm"
    ],
    "target_classes": [
      "Iris-setosa",
      "Iris-versicolor",
      "Iris-virginica"
    ]
  }
}